id,text,category_tag,target_difficulty,support_response_reference
case_2979789_2979788,continuing problem. Someone got into my account & is using it. They also changed my account to a family plan. I’ve changed my FB password. What else can I do? @user @user,security_risk,hard,"Thanks for getting back to us. As this is something for our Accounts team, we'd suggest contacting them via this link here: https://t.co/fSvGOEg6Tc. Just select Logging in > I can't log in to Spotify > I STILL NEED HELP from the options. We hope this clears things up /CH"
case_461477_461476,"I'm having trouble resetting my password, can anyone help @user",security_risk,hard,Hey Flavio! Could you send us a DM with your account's email address or username? We'll take a look backstage /LO https://t.co/ldFdZRiNAt
case_607495_607494,I was just trying to access on my PC. Getting Bad Gateway errors like above...,security_risk,hard,"Hmm. Could you try using a different browser or an incognito window? Also, can you let us know the exact operating system? /RS"
case_1983024_1983023,"it would be nice to be able to login on the web page, I can login on the app but not your home page like come on",security_risk,hard,"Hey Matthew, help's here! Could you send us your account’s email address and username? We’ll take a look under the hood /TI"
case_143019_143018,"Hi, I discovered someone was listening through my account, I clicked sign out everywhere and changed password, anything else I should do?",security_risk,hard,"Hi Nick, that doesn't sound good. Can you fire over your account's email address via DM? We'll check under the hood and see what else we can suggest /NY https://t.co/ldFdZRiNAt"
case_2964689_2964688,"How long do I need to wait until I get my account back? Someone changed my email address and now I have no access to my account. I already emailed the account changed email, but I have no idea how long I need to wait to get a response",security_risk,hard,Hey! Sorry to hear that. Can you DM us your account's username or email address? We'll take a look under the hood /CP https://t.co/ldFdZRiNAt
case_603592_603591,Why does Quebec have restrictions? It is unfair that I can't access the Student Discount!,security_risk,hard,"Hi Maria, help's here! Can you DM us your account's email address? We'll take a look backstage /DV https://t.co/ldFdZR1cbT"
case_572092_572091,"Is there a way to download or access my own user/listening data? Would love to do my own exploratory analysis on this data, and be able to archive it.",security_risk,hard,"Hey there! We're afraid this isn't possible right now, but we can see how that’d be handy. Thanks for taking the time to reach out – your feedback's been noted 📝 /NQ"
case_1490594_1490593,"cant login, says country code doesnt match account. But its the same. In Canada,",security_risk,hard,Hey Frank! Help's here. Can you DM us your account's email address? We'll take a look backstage /MG https://t.co/ldFdZRiNAt
case_508855_508854,"I have the family plan and a hacker has hacked me twice this past month. I changed my password, but this time they changed my log in info. I cant do a thing. I NEED HELP https://t.co/8t2QYN8LtT for id proof",security_risk,hard,"Hey Nolan, that doesn't sound right! Can you DM us your account's username/email address? We'll check things backstage /JP https://t.co/ldFdZRiNAt"
case_617479_617478,"Hello. I dont want to login via FB anymore, but create a separate Spotify account. Can you please help me with moving my music (lists and downloads) across. Thank you",security_risk,hard,Hi Ashwani! Can you DM us your account's email address? We'll take a look backstage /MC https://t.co/ldFdZRiNAt
case_581514_581513,"hi. can you help me? i cant login to my account. it says ""an occured error. please try again later""",security_risk,hard,"Hey there, that's no fun! Could you DM us your account's email address or username? We'll see what we can suggest /JA https://t.co/ldFdZRiNAt"
case_122100_122099,I think someone’s hacked my account and changed the email address registered so I can’t reset password. What do I need to do?,security_risk,hard,"Hey Ally, we're here to help. Could you DM us your account's username and email address? We'll take a look for you /BX https://t.co/ldFdZRiNAt"
case_524359_524358,"Hey @user my student account reverted to a regular premium account. I reauthorized as a student, now I can't access Hulu. Help.",security_risk,hard,Hey Lougi! Could you send us a DM with your account's email address or username? We'll take a look backstage /LO https://t.co/ldFdZR1cbT
case_2833795_2833794,I am locked Out of my Facebook account and can't log in to my spotify account. Can someone please help me cancel my subscription And apply for a new account with a new email?,security_risk,hard,Hey there! Could you send us a DM with your account's email address? We'll take a look backstage /MA https://t.co/ldFdZRiNAt
case_2975083_2975082,I can't log into my account and I need to cancel my account. All I have is my credit card number HELP!!!!,financial_dispute,hard,Hi there! Can you DM us any email addresses or usernames you might've used for your account? We'll take a look backstage /NQ https://t.co/ldFdZRiNAt
case_566293_566292,I created an account with my old Facebook account that was set up with my old number. I added premium as well however I want to cancel it & I cannot as I can’t sign into the account anymore. Can you please help me cancel it?,financial_dispute,hard,Hi there! Can you DM us your account's email address or username? We'll take a look backstage /NQ https://t.co/ldFdZRiNAt
case_79461_569636,Could I cancel my current subscription and then take out this offer? 😉,financial_dispute,hard,"Hi there, the cavalry's here! Right now, this offer’s for new subscribers only. We’d recommend checking out our new Spotify Yearly discount - 12 months for the price of 10: https://t.co/LHTUu8url7. Hope this helps /AK"
case_2942726_2942724,Hey ! I get my money back ! But I have another problem :/ I wanted to pay again for Premium with student discount but I can't ! It is written that your card couldn't be used .What should I do ? I'll be grateful for answer ;),financial_dispute,hard,Hi there! Can you DM us your account's username or email address? We'll take a look under the hood /JM https://t.co/ldFdZRiNAt
case_2941503_2941502,"I'm being charged for Premium on my phone bill but I don't have any account details to login and cancel, and I also can't use your contact form without login details. Help, stuck in payment loop I can't get out of!",financial_dispute,hard,Hey Jo! We'd love to lend a hand. Could you DM us the possible email address or username you may used to create your Spotify account? We'll do some investigating /JT https://t.co/ldFdZRiNAt
case_662930_662929,I permanently deleted my Facebook which is linked to my Spotify account. I want to cancel my subscription but can't find a way to log in without using my facebook details. Help,financial_dispute,hard,Hey there! Can you DM us your account's email address? We'll take a look /RB https://t.co/ldFdZRiNAt
case_572681_572679,really can’t remember the username or email address I used to set up my account and the free trial ends soon 😭😭😭 how do I cancel/delete the account pls,financial_dispute,hard,Hey there! Can you DM us any usernames or email addresses you might've used? We'll take a look backstage /AP https://t.co/ldFdZRiNAt
case_149372_149371,how do you cancel. Oh Spotify tells you how but doesnt supply an easy way. #rippedoffbyspotify,financial_dispute,hard,Hey there! Can you DM us your account's email address or username? We'll take a look backstage /TJ https://t.co/ldFdZRiNAt
case_93879_93878,"Hi, please help. I have recently renewed my mobile contract and they have offered me 24 months Spotify premium to sweeten the deal. I'm already a premium subscriber so what's my best option going fwd. Cancel and start from scratch? Tia",financial_dispute,hard,"Hi Scott, help's here! Can you DM us your account's email address? We'll take a look backstage /DV https://t.co/ldFdZRiNAt"
case_535329_535328,I might cancel my premium I can’t access my account I got a new one I need to delete it if it’s not accable not happy no one has helped me I forgot my id pass word,financial_dispute,hard,Let's not throw in the towel just yet. We'd love to help out. Can you send us a DM? /MU https://t.co/ldFdZRiNAt
case_704838_704837,"cancelled my facebook account which was linked to my spotify account; If I can no longer access it, how can I cancel my spotify account to create a new one?",financial_dispute,hard,"Hey Carlos, help's arrived! Can you shoot us a DM with your account's username and email address? We'll check things out for you 🔍 /AV https://t.co/ldFdZRiNAt"
case_2850060_2850059,I need to find out the email associated to my account as I only know the username so I can cancel my subscription,financial_dispute,hard,"Hi, we've just replied to your DM. We'll carry on chatting there /SY"
case_533552_533551,Hi @user I want to cancel an account but don't have access to the email anymore. Can you help please?,financial_dispute,hard,"Hey Laura! Sure, we'll help you out. Can you DM us more info including the account's username? /KT https://t.co/ldFdZR1cbT"
case_89564_89563,Why have I been charged twice for my subscription this month?,financial_dispute,hard,Hi Marc. That doesn't sound good. Can you DM us your account's email address or username? We'll take a look under the hood /XF https://t.co/ldFdZRiNAt
case_2842897_2842896,We need help. My brother paid his premium subscription using his globe prepaid. He has been charged twice but he's still on free mode. Can you help?,financial_dispute,hard,"Hey Trixie, we'd love to help! Can you DM us your brother's email address or username? We'll check things backstage /JP https://t.co/ldFdZRiNAt"
case_2919270_2919269,what's up with the app? https://t.co/Thc7mCGkHt,short_vague,ambiguous,"Hey, thanks for the report! We had a little hiccup earlier, but everything should be running just fine now /JS"
case_446900_446899,what's going on with spotify???????????????????????????? @user,short_vague,ambiguous,We've just sent you a DM 🙂 /KL
case_2915274_2915273,you might be broken,short_vague,ambiguous,"Hey! We had a little hiccup backstage, but it should be working now. We're here if you need us /CP"
case_590157_2825195,Why i can't pay??,short_vague,ambiguous,"Hey, we've come to the rescue! Could you DM us your account's username or email address? We'll check behind the scenes /RE https://t.co/ldFdZRiNAt"
case_500978_2919314,Not working in Barry,short_vague,ambiguous,"Hey, thanks for the report! We had a little hiccup earlier, but everything should be running just fine now /JS"
case_173614_173618,What do I do?? https://t.co/knTHvjU6hW,short_vague,ambiguous,We’re working hard to get every university on board. So keep checking our website for updates! You can also take advantage of a discounted subscription with Premium for Family. We have more info here: https://t.co/bFMc5QSovM /LO
case_2920728_2920726,advising not working at moment :(,short_vague,ambiguous,"Hi there, thanks for bearing with us! We had a little hiccup earlier, but everything should be running just fine now /JS"
case_2917939_2917938,What's wrong with @user ARGH https://t.co/FUfu34Tai2,short_vague,ambiguous,Hey there! Everything should be running smoothly now. Let us know if this is still happening /CE
case_564493_564492,I need help with my account,short_vague,ambiguous,Hi! We've just replied to your DM. Let's carry on chatting there /AP
case_67703_2912362,All clear of what?,short_vague,ambiguous,Hey George! We've had a little hiccup earlier but everything should be running just fine now /SJ
case_620389_620393,No that didn’t help.,short_vague,ambiguous,"Just to check, what device, iOS, and Spotify version are you using? We'll see what we can suggest /JE"
case_1630498_1630497,please help me with my account!!!,short_vague,ambiguous,Hi! We've just sent you a bit more info over DM. We'll carry on helping out there /RA
case_669339_669337,why are my songs skipping randomly,short_vague,ambiguous,"Hey there! Can you let us know the device, operating system, and Spotify version you're using? We'll see what we can suggest /AR"
case_2912530_2912529,why aren’t you working😭,short_vague,ambiguous,Hey Sarah! We’re looking into this as we tweet. Thanks for bearing with us /CP
case_129759_129758,please fix this,short_vague,ambiguous,"Hey Matt! Fingers crossed we'll be able to have it soon, but there's info about Spotify content here: https://t.co/0i8GpimuDa /AR"
case_171135_171136,What's the best one?,short_vague,ambiguous,"We're afraid we don't have info about that right now. You could probably check the ratings and comments of the other users to help you decide which one you're going to get. If there's anything else, just let us know /LO"
case_64365_64364,what is this 😂 #StrangerThings https://t.co/1qAPa8ijve,short_vague,ambiguous,Hey Abby! The Stranger Things Mode is an easter egg feature that adds some visual effects to your app. Hope this info helps /GK
case_2815058_2815057,"What is this, @user ? https://t.co/TygZ3xwxVt",short_vague,ambiguous,Hey! Users who stream from one of the 15 Stranger Things playlists/albums will get to experience what it's like to be in the Upside Down. You can start with finding your character match here: https://t.co/OjXSqZHtPg. We're here for you if there's anything else /YM
case_500983_2919256,Not working in Brasil :/,short_vague,ambiguous,"Hi Bruno, thanks for bearing with us. Spotify should be working perfectly again! /CE"
case_2821_677078,Hello kakarenew ko lNgkahapon why sooolate???,short_vague,ambiguous,Hey there! We're afraid we don't have Filipino support for now. We hope you don't mind if we reply in English. Can you send us your account's email address or username via DM? We'll take a look backstage /AY https://t.co/ldFdZRiNAt
case_488793_488795,"One reason: ""Your Spotify app needs updating."" App updates require deleting all offline files? So I should just never update your app?",multi_intent,ambiguous,"If you do need to update Spotify, we recommend connecting to WiFi /I"
case_2920672_2920671,"Spotify is down in Brazil. There's no error message, but i don't be able to play any music",multi_intent,ambiguous,Hey Pedro! Everything should be running smoothly now. Let us know if this is still happening /CE
case_2910961_2910963,In the web player I’ve been getting a gateway 504 error message. When the page does load none of the music will play. I’m in chrome on Linux. On my iPhone none of the search function works I get a blank page for the results.,multi_intent,ambiguous,"Thanks for bearing with us! We had a little hiccup earlier, but everything should be running just fine now /JS"
case_462670_462671,"A restart seems to have fixed the black screen issue. However it still switches to offline mode between sessions (on both wifi and data,).",multi_intent,ambiguous,"Thanks for letting us know. It's not ideal, but can you try reinstalling the app? Just follow the steps at https://t.co/PDA2aKzC6Q. Let us know if that helps /CE"
case_450079_450081,Thanks for getting bck. Yes its the most recent available vrsn via Google play. Previous also did the same for short period. But seem to resolve. With recent update its bck with vengeance. Have also de/re-installed the app. No avail.,multi_intent,ambiguous,"Got it. Can you try logging out, restarting your device, then logging back in? Let us know how everything plays out /JE"
case_558609_558607,"hey just done the new android system update on my obe plus 3 and am having problems where the sound goes down then up when I play a song, close the app or get any notifications. Any fix?",multi_intent,ambiguous,"Hey David, we're here to help! Does logging out > restarting the device > logging back in seem to help? Keep us posted /TB"
case_667906_667905,"I'm locked out of my app. Everytime I try to login I get an Error Message - 'You are current set to offline, please go online to login' if I can't get in I can't change the settings",multi_intent,ambiguous,Hey Steve! The cavalry's here. Can you DM us your account's email address? We'll take a look under the hood /KB https://t.co/ldFdZRiNAt
case_2577771_2577773,"well it has caused the screen to freeze before (the next ad wouldn’t play and I’d have to re start the app) but it’s just very repetitive, I get the ad quite a lot in comparison to other ad’s, and i am not a child nor parent so won’t be buying the cd aha x",multi_intent,ambiguous,"Hmm. Can you let us know your username, device, OS and Spotify versions? We'll see what we can suggest /LS"
case_128864_128863,"I can't log in to my account cos my account was set to offline, I click to go online while trying to log in and it just stays on a black screen?",multi_intent,ambiguous,"Hey! Help's here. Can you let us know what device, operating system, and Spotify version you're rocking? We'll see what we can suggest /RA"
case_667906_667907,"I'm locked out of my app. Everytime I try to login I get an Error Message - 'You are current set to offline, please go online to login' if I can't get in I can't change the settings",multi_intent,ambiguous,"Thanks! Are you unable to login to the app when you're on 3G/4G, WiFi, or both? Can you also tell us the make/model of the device you're using, along with its operating system and Spotify version? /KB"
case_2942721_2942723,"No, I was saying that I noticed that it's now a feature when I play my Discover list and just wanted to let you know I appreciate it!",playback,normal,"Oops, apologies for the oversight. We're glad that you liked it! Give us a shout if you ever need us again. We'd be... https://t.co/LgAM6ky9Vv 💚 /JM"
case_166680_166679,"why is my desktop player always going ""can't play the current song"" after 6 seconds on ANY track. Annoying.",playback,normal,Hey there! That doesn't sound good. Can you DM us the OS and Spotify version you're using? Your account's username and email address would also be super helpful. We'll see what we can suggest /WP https://t.co/ldFdZRiNAt
case_1630325_1630324,"I want @user to push boundaries and build a watch and wireless headphones. If you build it, they will come! (coming from a lifelong @user user)",playback,normal,"Hey Jill! Thanks for the request. We're afraid we don't have any info to share on this right now, but we'll be sure to pass your feedback on to the right folks. If there's anything else that we can help you with, just give us a shout /CH"
case_2912476_2912478,"Great customer service!👍 if there’s any way you can let your product teams know the new play view, such as on Spotify’s ‘mint’ playlist, is awesome... please add the option for this across the app! 😉 https://t.co/IwnieK03Ve",playback,normal,Thanks for the feedback – we appreciate it! We'll let the right team know it's something you'd like to see /LO
case_100149_100148,des soucis avec la connection @user ? Impossible de me reconnecter à ma Play:1 Cc @user @user,playback,normal,"Hey! We can help out in English via Twitter, but we also have French support via email at https://t.co/ZgU70TbP8M /QI"
case_102208_102207,"hey there, so i'm playing a playlist and then denzel curry - ultimate comes on and plays, but the song keeps ""playing"" after the song is over. the song was supposed to be over at 3:09 but it's now at 25:15 with no sound or anything and i can't pause or skip. pls hlp",playback,normal,Hey there! Could you let us know what device/OS you're using? We'll see what we can suggest /DF
case_2963335_2963334,"every time I open spotify web player in chrome, I can't play anything. I click the play button on a playlist or song, and no action is taken. I have to close chrome and reopen it before I am able to play music. What's up with that?",playback,normal,"Hey Amber, help's here! Could you try the web player on a incognito window? Additionally, clearing your cache and cookies might do the trick. Let us know how it goes /ZO"
case_168128_168127,"I could be listening to music on Spotify and then it just out of the blue stops, can you please try and fix this problem? It happens when I go into something other than Spotify",playback,normal,Hey there! Could you let us know what device/OS you're using? We'll see what we can suggest /DF
case_1830232_1830231,"having a hard time troubleshooting - every time I️ play an album, Spotify inserts other songs not on the album that I️ cannot skip (sometimes before a song from the album even plays!). Can I️ turn this off...? #Spotify #SpotifyTroubleshooting",playback,normal,Hey there! Could you tell us what device/OS you're using? Keep us posted /DF
case_559967_559965,What's up with the web player? I haven't been able to play anything for a couple of days on either Opera or Firefox...,playback,normal,"Hi there. Can you let us know what device and operating system you're using? Also, are you getting any specific error messages when trying to play a track? /LM"
case_514134_514132,it isn't 1990 and you're not playing cd's. STOP SKIPPING!,playback,normal,"Hey Jessika, that doesn’t sound fun! Could you DM us your account’s email address and username? We’ll take a look under the hood /TI https://t.co/ldFdZRiNAt"
case_160530_160531,why does my keyboard play/pause/next/back never work anymore with your app? Coworkers have the same issues so I know it's not isolated to my hardware.,playback,normal,"Thanks. Could you give our test account a shot with the username ""cs_test_5"" and password sezafa3tuq (case sensitive)? We'll keep an eye out for your update /PK"
case_603583_603582,"hi there, I'm using google assistant to play my spotify. when I ask it to shuffle a playlist, google finds the correct playlist and acknowledges the command to shuffle, but spotify then plays the list unshuffled. Any fix for this?",playback,normal,Hey there! Could you tell us what device/OS you're using? Keep us posted /DF
case_551299_551298,"""can't play the current song"" every song",playback,normal,Hey Josh! That doesn't sound fun. Could you DM us your account's username or email address? We'll take a look backstage /LP https://t.co/ldFdZRiNAt
case_2807547_2807544,"why is it that when the app is playing on my av receiver and has been minimised on my HTC m9, the moment I go back to it it cancels playback on my receiver and stops it on phone. It's borderline unusable.",playback,normal,Hi James! Help's here. Can you let us know the Android and Spotify versions you're rocking? We'll see what we can suggest /DD
case_166638_166636,"the ""Time Capsule"" playlist you made for me is great but it's ALL songs on my main playlist that just never come up on shuffle. Why do the same 20-25 songs ALWAYS play? @user",playback,normal,"Hey there! Thanks for the feedback. Your Time Capsule is made of personalised content uniquely created based on your previous listening patterns. Just to check, are you experiencing issues with the Shuffle feature on all of your playlists? /PC"
case_590132_590130,do you have any trial offers to see how the family pack works? Currently with @user but the family profiles don’t play through @user so it’s a waste of money for me.,playback,normal,"Hey Tammy! We don't have a trial offer for the Family plan, but if you haven't tried Premium in the past, you can try it out for free here: https://t.co/08kG2GBNp5 /DB"
case_172453_172451,whenever I get a Snapchat or open up Snapchat my music from Spotify stops ☹️ can you help me out with this??,playback,normal,Hey there! Could you let us know the device/OS you're using? We'll see what we can suggest /DF
case_160560_160558,Anyone else having issues with @user not playing any sound right now?,playback,normal,"Hey there! That's not cool. Can you let us know your device, OS and Spotify versions? We'll take a look at what's happening /LS"
case_576784_576783,I should be able to control @user volume on my @user @user Sport Watch when playing through my @user bluetooth boom box. #SoftwareUpdateNeeded Please. https://t.co/MnlVeQAnD6,playback,normal,"We hear you loud and clear, Jeff! We can’t make any promises but we’ll pass your feedback onto the right folks /DR"
case_631985_631984,I can't log in in my account. It's says that I'm offline but I'm certainly not aince i can tweet you and do other stuffs that requires wlan!!,playback,normal,Hey there! Help's here. Can you DM us your account's email address or username? We'll take a look backstage /PB https://t.co/ldFdZRiNAt
case_560992_560991,hello! I have bought my 3 kids Bluetooth speakers for Xmas and would like us all to be able to use Spotify separately at the same time. Is this possible? I already have an account just for me.,playback,normal,"Hi Jayne! Right now, it's not possible to listen to music on different devices at the same time using 1 account. With Premium for Family, you can do that on separate accounts for one discounted price only. For more info, click here: https://t.co/pApw1XiBDY /AU"
case_677089_677087,"Hi @user why can't this option just add the whole album to the end of the current queue like it suggests? Why does it insert the whole album after the current track? Wouldn't this make more sense as a ""Play Next"" option? https://t.co/GjPPxGilfc",playback,normal,"Hi there! We understand. If you're on the desktop app, you can change the order of the queue. Here's our handy guide: https://t.co/G7PK3sVrTN. Hope this helps /MU"
case_492392_492391,"You know what would be really useful? On android, being able to add a button to my home screen (Like you can add a route w/ google maps) that's basically ""play whatever is next in queue"". It's currently 3-4 button presses, and annoying UX.",playback,normal,"Hi there! We can see how that’d be handy. Thanks for taking the time to reach out – your feedback's been noted. If there's anything else, just give us a shout /AU"
case_2834985_2834983,Two questions: do you have to have premium to turn off shuffle play? And can one subscription work on different devices i.e share,playback,normal,"Hey Elle, we'd love to answer your questions. First, on-demand playback on mobile is a Premium-only feature. Next, you can enjoy your Premium features on all device your account is logged in to. You can also check our support site at https://t.co/QPo40O0WMX for more info /JP"
case_89539_89540,"iPhone X, running iOS 11.2, listening over wired headphones",playback,normal,"Thanks for the info. Just to check, are you listening to songs downloaded for offline listening, or are you just streaming your tunes? /LM"
case_163736_163734,the ios beta update screws with spotify. my music stops any time i get a notification and wont play unless i reopen the app. please look into this,playback,normal,"Hey Vicky, the cavalry's here! Can you provide which Spotify version you're currently using? We'll take a closer look 🔍 /JJ"
case_507419_507418,Just a small thing but when playing a song and then I play that song's radio which has that song as the first in the list then Spotify should just continue playing the song instead of starting from the beginning. Hope that makes sense.,playback,normal,"Hey James, we can see how that’d be useful! We’d recommend suggesting it in our Community where you can get support from other fans: https://t.co/D6JsbrPT3P /TB"
case_573783_573785,"HTC 10 unlocked, android 7. I think it was happening when it was transitioning from bad wifi to cell data being off but can't recall when I pressed play. Why can't I load local data then update later? I was walking away from my home at the time.",playback,normal,"Thanks for letting us know. Can you try logging out, restarting your device, then logging back in? Let us know if that helps /QI"
case_123465_123463,Electronic 80's (Ministry Of Sound) by Various Artists https://t.co/wndZGh7j2i any reason why I can find this typing it in the Google browser but cannot find it in the Android app search @user @user @user. How many other albums are missing via the search?,playback,normal,Hey Chris! Licensing agreements can affect music availability. We have more info here: https://t.co/VMrgnGpB4G /NS
case_2834988_2834987,"The acoustic version of ""Hands Down"" by Dashboard Confessional won't play for me on @user. This is a travesty!",playback,normal,"Hey Mariano, help's here! Can you send us the Song Link? Just tap the three dots > Share > Copy Link. We'll take a look backstage /RS"
case_2913925_2913924,can’t play anything that isn’t downloaded 😤😤😤😤😤 iPhone 7 with the latest app update,playback,normal,Hey! Thanks for letting us know. Everything’s looking good on our end now - are you still having this issue? /CP
case_1822610_1822609,"Why does @user seem to think that when I put in and hit shuffle play on something specific that I want to hear ""suggested songs""? If I wanted something suggested because the artist has other stuff then I would go to the artists other stuff. Get your crap together @user",playback,normal,"Hey Faith, help's here! Could you send us a DM with your account's email address? We'll take a look backstage /CH https://t.co/ldFdZRiNAt"
case_543134_543133,why can’t I play “People are crazy” by @user ? I’m not mad. Just disappointed.,playback,normal,Hey there! Could you send us a screenshot of the issue you're having? We'll see what we can suggest /DF
case_688565_688564,"How do I get my smart speakers (@user home, @user or @user #cortana) to NOT default to playing the single on @user but the whole album. Happens a ton. Try asking to play ""the album Losing Sleep by Chris Young"" always plays the single.",playback,normal,"Hi Phil! We're afraid that if the single has the name as the album, it'll default to playing just the song. For now, we'd suggest placing the album tracks in a separate playlist with a unique title. Hope this helps /MU"
case_158944_158943,"Selamat malam @user, saya mengalami kendala di pemutar web saya yg tdk bs pause dan play lagu baru (spt di foto) dan sudah saya coba berbagai cara tp ttp tdk bisa diperbaiki kenapa ya? Bagaimana memperbaikinya? Terima kasih. https://t.co/Aixjo073mn",playback,normal,"Hi Elmi! We can help out in English via Twitter, but we also have Indonesian support via email at https://t.co/ZgU70TbP8M /NH"
case_2901240_2901238,"why tf does your app play ‘suggested music’ instead of the actual music I want, even when I’ve turned off auto play?",playback,normal,"Hey there! To reduce the number of Suggested Tracks you get, try adding more artists into your playlists. Let us know how that works for you /TF"
case_2920755_2920754,has stopped working and now I’m not sure what to do... I can’t stand next to my stereo with headphones plugged into it until Spotify decides to come back 🙄😩 help.,playback,normal,"Hi there, thanks for bearing with us! We had a little hiccup earlier, but everything should be running just fine now /JS"
case_694632_694630,"- hi, My web player doesn't play anything on my work PC, yet streams fine from my mobile devices It just doesnt play even though it logs it on the left. Pls help!",playback,normal,"Hey Dean, that doesn't sound right! Does accessing https://t.co/aT5o0wcN4V using a private or incognito window help at all? /JE"
case_2818873_2818872,"If I am shuffling one artist, the second I Bluetooth to my car, @user starts to play ""suggested songs""... What is it with this bullshit?",playback,normal,Hi there! Can you DM us your account's email address or username? We'll see what we can suggest /NQ https://t.co/ldFdZR1cbT
case_2865490_2865489,Why does my discover weekly update on Monday’s on desktop but not on my phone @user ?????? 😩😩😩,crash_technical,normal,Hey! The cavalry's here. Can you DM us your account's username or email address? We'll take a look under the hood /JS https://t.co/ldFdZRiNAt
case_499228_499226,how do you release a new update for your shitty app and in turn undownload ALL the songs that I've already downloaded? I swear you suck in every way possible,crash_technical,normal,"Hey there, we understand your frustration. Does logging out > restarting the device > logging back in help? Keep us posted /JY"
case_2912398_2912397,I don't pay monthly for your servers to crash.,crash_technical,normal,"Hey! We're sorry you feel that way. Our best tech folks are on the case as we speak. Hopefully, we'll have a fix soon /CP"
case_566286_566285,please help I can’t log in to my Spotify error 404,crash_technical,normal,Hey Sarah! The cavalry's here. Can you DM us your account's email address? We'll take a look under the hood /KB https://t.co/ldFdZRiNAt
case_592805_592808,"Just check your support forum for ""api-ms-win-core-processthreads"". Your last automatic update (that still cannot be disabled from settings) killed all installs on Win7 and you cannot even rollout a fix automatically because those installs don't run anymore.",crash_technical,normal,Thanks for the info. Can you try the steps here for us: https://t.co/PDA2aKzC6Q? They should help with this /PB
case_149349_149348,Dear @user sometimes when I'm scrolling twitter my music pauses itself and then when I click play it plays super sped up . Is this a bug or am I accidentally clicking something ? The app is running in the background so I'm not sure it's a user error,crash_technical,normal,"Hey Daniel, help's here! Can you let us know the device, operating system, and Spotify version you're using? We'll see what we can suggest /GK"
case_2855921_2855919,Very strange @user bug. The background behind the username widens with every song downloaded 🤔🤔 https://t.co/fDGsqLBmCb,crash_technical,normal,"Hey Dakota, that's odd! Can you let us know your device, as well as the iOS and Spotify versions? We'll see what we can suggest /JP"
case_2844595_2844594,"My email won't update on Spotify, and I submitted a support ticket via the Contact Us form, but it said you'll email me back to my old email that I can't access. Can I email __email__ directly?",crash_technical,normal,"Hey Brian! Yes - you can email them, but we can also help here. Can you send us your account's email address or username via DM? We'll take a look /GT https://t.co/ldFdZRiNAt"
case_666363_666362,why can't I update my premium plan...,crash_technical,normal,Hi there! We've just sent a DM your way. Let's carry on chatting there /FR
case_147388_147387,just run the latest update as prompted by my Marantz wi fi player and now Spotify is not an option on my player - what's happened?,crash_technical,normal,Hey Leslea! We've just sent you a DM /DR
case_123477_123479,Nope. No crash. Just the same 3 ads on repeat.,crash_technical,normal,"Thanks for confirming! Just to check, did you definitely watch the video ad that grants you 30 minutes ad-free listening in full after hearing the offer /RB"
case_1049684_1049683,"There are no error messages the email invite says click on the link, then enter your code and press redeem, but the only screen that comes up is the normal log on screen",crash_technical,normal,"Hmm. Can you DM us your account's email address, as well as those for the ones you're trying to invite? We'll take a look backstage /QI https://t.co/ldFdZRiNAt"
case_511820_511821,Done that and it's still coming up with the same error message,crash_technical,normal,"Thanks for trying it out. Our friends over @AskPlayStation should be able to help with this. They can help unlink your PSN from the Spotify account that's associated with it. For anything else, just give us a shout /GS"
case_622999_622998,"Hey I work at starbucks, but for some reason I cant get my free spotify premium, it always gives me an error",crash_technical,normal,"Hey there! As a Starbucks Partner, you can find out how to start or manage your subscription by heading to the Starbucks Partner Hub or Retail Portal. You can also call the PCC Center on 1866-504-7368. Let us know if you need help with anything else /BP"
case_486930_486928,I had to cancel the debit card on file for my premium account. How do I update the information for my new debit card so that my premium service is not interrupted? I do not have an email from you guys in my inbox.,crash_technical,normal,Hey Rob! Help's here. Can you DM us your account's email address? We'll take a look backstage /CP https://t.co/ldFdZRiNAt
case_592817_592815,How do i update my payment info? I don't see a way on the website.,crash_technical,normal,Hi Ray! You should be able to do so by following the steps at https://t.co/BShdiBtHc4 /DV
case_620428_620427,can you help me resolve error code 4 occurring while trying to make a family member join,crash_technical,normal,"Hey, help's here! Could you DM us the email addresses or usernames used on both accounts? We'll take a look backstage /CO"
case_2942689_2942688,Anyone else curious why @user has an update? I feel like it’s every week. I love the service but I never see any problems.,crash_technical,normal,Hey Travis! We roll out version updates for system cleanups and to make sure the app is optimized. Thanks for your feedback /JE
case_2917931_2917930,I keep getting this error each time I try to stream https://t.co/Ctjf90m4aj,crash_technical,normal,Hey Yolanda! Thanks for letting us know. Everything’s looking good on our end now - are you still having this issue? /FR
case_2916548_2916550,Cool. Do you ever compensate customers for their lost access during glitches and bug outs? Because I pay for premium access and am frustrated by your service several times every week.,crash_technical,normal,"Sorry to hear you feel that way. We're afraid we're unable to compensate you, but rest assured we'll pass on your feedback to the right team /JS"
case_2922441_2922439,Spotify seems to be down all over the world? Please update us. Thank you!,crash_technical,normal,Hey Ashlynn! Thanks for letting us know. Everything’s looking good on our end now - are you still having this issue? /FR
case_2929217_2929216,"Hi, guys, I meet a error 600 while invite my brother into family premium, how to fix it?",crash_technical,normal,Hey there! Can you send us a DM with your and your brother's accounts' email addresses or usernames? We'll take a look backstage /AR https://t.co/ldFdZRiNAt
case_598525_598524,I'm running windows 7 and I'm not sure what the version is but in the update folder of the local appdata it says 1.0.69.323 https://t.co/c9O5W1vqkg,crash_technical,normal,Thanks for the info. Can you try another reinstallation with the exact steps here: https://t.co/PDA2aKzC6Q? Let us know how it goes /PB
case_2916528_2916527,"why is it so hard to add my daughter to our family account? We keep getting a nondescript error. Been going on for months, and she resorted to using her own account. Assistance please",crash_technical,normal,"Hey there! We'll help out. Can you DM us your account's email address, as well as your daughter's? We'll take a look under the hood /AN https://t.co/ldFdZRiNAt"
case_110108_110107,about once a week my spotify deletes all downloaded music. Is this a known bug or something I'm doing wrong? It's obviously very frustrating...,crash_technical,normal,"Hey there, help's here! Can you let us know the device, OS, and Spotify version you're using? We'll see what we can suggest /JI"
case_539183_539182,did someone break something? im unable to listen to my music on pc or my phone i get error 3 + 4 and nothing is happeneing,crash_technical,normal,"Hey there! We'll help out, don't worry. Can you let us know the specific devices you're using and their operating systems? If you could also tell us the Spotify versions you're running on them, that'll be super helpful. We'll see what we can suggest. /GN"
case_110123_110122,If I have @user can I then update it when I become a student next year so that I pay the student rate?,crash_technical,normal,Hey Naomi! Can you send us your account's email address via DM? We'll check things out /CX https://t.co/ldFdZRiNAt
case_106351_106350,"my wife is trying to accept my new Spotify Family plan and she's getting the error ""undefined - Oops something went wrong, please try again."" Please advise.",crash_technical,normal,Hey there! Help's here. Can you DM us both your email addresses or usernames? We'll take a look backstage /PB https://t.co/ldFdZRiNAt
case_2972073_2972074,"I’m trying to connect my student premium account to my Hulu, and I keep getting this same error message. Super frustrating since Hulu access is one of the big reasons I subscribed. Help?? https://t.co/mUb1xjXpaf",crash_technical,normal,"Thanks! If possible, can you to head to a desktop > use incognito window > log in to https://t.co/JngmWaWjDG > 'Go To Hulu' > and follow the steps to link your account? Let us know how it goes /RB"
case_166665_166664,Wtf kind of error message is this @user calm down. https://t.co/ar3X8nLCLv,crash_technical,normal,Hey Shane! That's not cool. Can you tell us what actions caused the error? Could you also try a clean reinstall to see if it makes a difference? Just follow the steps at https://t.co/EqisDMwZAT. Keep us posted /NH
case_2815936_2815935,"pls stop recommending me country music, Niall's album is folk-pop, there's a difference. 😭",playlist_library,normal,"Hey there, thanks for the feedback – we appreciate it! We’ll get this passed onto the right team /NQ"
case_564510_564509,"weird issue, I added a song to my saved songs playlist on my tablet but it doesn't appear on my phone? I found it on the release radar playlist, and I can see the song in the playlist on my tablet, but not my phone. Song is Fly Away - DJ Pauly Peach Remix. https://t.co/JIqoBO7UIN",playlist_library,normal,Hey there! Could you tell us what device/OS you're using? Keep us posted /DF
case_677075_677074,when are you going to release @user new album!!!,playlist_library,normal,"Hey Layne. We’ll have it available to you as soon as it’s available to us! For now, check out the singles: https://t.co/3h0TnPWP0c /LO"
case_660580_660579,"Hey there @user // @user ! Can someone be sure to add P.O.V by dvsn to the next ""Are & Be"" playlist please? I think it will fit the vibe y'all are looking for just as well as ""Mood"" does. Thanks!",playlist_library,normal,"Hey! Thanks for the feedback. Our Curation team are independent & use taste, data, research, and trends to create playlists, but we’ll pass on your suggestion /NQ"
case_622885_683951,"It’s only when I try and play Come and Get Your Love by Redbone, the album artwork is Gloria G...and so is the song 🤷🏼‍♀️",playlist_library,normal,"Got it. Could you send us the Song Links? Just tap the three dots > Share > Copy Link. Also, what device, operating system, and Spotify version is this happening on? /AY"
case_1950473_1950471,Is it possible to play music ONLY from my library of local file songs I brought on the Google Home? I really want to know this before I sign up for a Spotify account,playlist_library,normal,"Hi Nova! Can you let us know the device you're using, its operating system, and Spotify version? We'll see what we can suggest /NY"
case_2872010_2872009,I wanna be a @user playlist creator. Hire me. Plz,playlist_library,normal,"Hey there! For any job openings, you can check here: https://t.co/c1Z94oBFOl, or contact the folks at @7997 😁 /NS"
case_2816732_2816731,"Would love 2 hear #Worship Bridgette Hammers #BreakingFree added @user #Playlist ""Top Christian"" https://t.co/vtbLBLGmxF @user https://t.co/OcpIonFKJJ",playlist_library,normal,"Hey there! Thanks for the feedback. Our Curation team are independent & use taste, data, research, and trends to create playlists, but we’ll pass on your suggestion /NQ"
case_74910_74909,Hai @user kenapa album 'Jalan Terus' dari @user tidak ada ya? Dari 'Pejantan Tangguh' langsung ke '507' https://t.co/lgqkDRWnoq,playlist_library,normal,"Hey Aulia! We can help out in English via Twitter, but we also have Indonesian support via email at https://t.co/ZgU70TbP8M /PK"
case_2877431_2877430,.@user @user @user there needs to be an option to Mark artists that show up in your current radio station or playlist to remind you to check out more of their music later,playlist_library,normal,"Hey, nice idea! It's definitely something for the team to consider, and we'll make sure it reaches them. Let us know if there's anything else 🙂 /AY"
case_2908629_2908639,"I tried both of those things and nothing works. Restarted phone, logged out/back in, deleted/reinstalled app, reconnected to the WiFi and nothing fixed it. This also seems to be a problem multiple users are having",playlist_library,normal,"We understand. We had a little hiccup backstage, but it should be working now. We're here if you need us /JS"
case_1593808_1593807,"playing like 4 the same artist, from a playlist where I have probably 1000 songs and 100+ artists",playlist_library,normal,Hi there! Best thing to try here is a reinstall. Just follow the steps at https://t.co/EqisDMwZAT /NQ
case_2946138_2946136,"any closer to resolving the issue/suggestion regarding the ‘running’ feature? The playlist is the same all the time. There’s definitely a demand for it. Once a week, refreshing the tracks would be great.",playlist_library,normal,"Hey Mick! We don't have any info on this right now, but you can vote for the official idea here: https://t.co/EnUsozcy9Q. We'll also pass your feedback on to the right folks. Let us know if you have any other questions 🙂 /NH"
case_658161_658160,"Dear @user when I make a playlist (even one with just 5 songs on it) I want to hear the songs on that playlist, not ""suggested songs.""",playlist_library,normal,Hey Jen! Can you send us a DM with your account's email address or username? We'll check backstage and see what we can suggest /AR https://t.co/ldFdZRiNAt
case_2894032_2894030,"Hello! The new Sect album, No Cure for Death, is not showing up on the band's Spotify page. What can I do to help resolve this?",playlist_library,normal,Hi there. Can you send us a link to the Artist and Album page? Just tap the three dots > Share > Copy Link. We'll take a look backstage /LM
case_645117_645116,"Hey can you get David Cassidy's eponymous 1990 album on Spotify? It's the only one that isn't there, I think.",playlist_library,normal,"Hey! Fingers crossed we'll be able to have it soon, but there's info about Spotify content here: https://t.co/0i8GpimuDa /TR"
case_573743_573742,can you help. All of a suddden. Having all sorts of problems accessing my premium account. Music disappeared. Can't access premium. Can't reset password. Saying token invalid? Please can you resolve?,playlist_library,normal,"Hey there! Don't worry, we're here to help. Can you DM us your account's email address or username? We'll take a look backstage /MT https://t.co/ldFdZRiNAt"
case_133935_133934,loving the Time Capsule playlist! Thanks! Assuming it’s a new feature #80sbaby,playlist_library,normal,Hi Steve! We're glad you liked it. Thanks for the feedback. It's music to our ears 🎶 /DR
case_2872002_2872001,where’s the REPUTATION ALBUM????? LMK @user,playlist_library,normal,"Hey Jay! Taylor Swift's 'Reputation' isn't available to stream just yet! For now, check out the singles: https://t.co/3h0TnPWP0c /NS"
case_525050_525049,if you save an album you should have the option of the individual songs not to add to your library.,playlist_library,normal,"Hey Paul, nice idea! It's definitely something for the team to consider and we'll make sure it reaches them. If you need anything else, just give us a shout 🙂 /KC"
case_44420_44418,"where's Bonzo goes to Bitburg by Ramones? In fact, the whole album, Animal boy, is not available. Wtf.",playlist_library,normal,"Hey Lucas! Just to check, what country is your Spotify account set to? /MT"
case_93870_93869,"All of my @user downloads disappeared overnight, from both authorized devices. The Spotify support page on this subject suggests a few possibilities, none apply to me. That is a huge user experience problem.",playlist_library,normal,"Hi Derek! Can you let us know your device, operating system, and Spotify version? We'll take a look under the hood /XF"
case_124142_124141,just updated the app and it deleted more then half of my music. i’m pissed,playlist_library,normal,Hey there! Can you DM us your account's email address? We'll see what we can suggest /RB https://t.co/ldFdZRiNAt
case_126893_126891,"how am I supposed to download/save new albums on my account if my library is full? This is a big issue for me, having premium",playlist_library,normal,"Hey there! How many tracks would you say you have in Songs (roughly)? e.g. 100, 1000, 5000, or more? /AR"
case_165028_165030,Very nice! I am more into calm (yoga like) music. And I would love if you could make a playlist for me!,playlist_library,normal,Got it. Here's a little something we've whipped up just for you: https://t.co/1jXg3i088w. Hope you'll like it 🎁 /LP
case_677106_677105,"Unable to log in, unable to reset password and unable to contact anybody. Pls get back to me asap or i will cancel account",standard_billing,normal,"Hey there! Help's here. Can you DM us your account's username or email address, along with a screenshot of the error message you're getting? We'll check things backstage /MU https://t.co/ldFdZRiNAt"
case_95817_95816,have been charged twice $9.99 for a personal account when I want a family account for $14.99. Can you fix this...acct Cervelott,standard_billing,normal,Hi David! We've just sent a DM your way. Let's carry on chatting there /AU
case_128193_128192,y’all charging me for an account I don’t have I want a refund now,standard_billing,normal,Hey there! Can you DM us a screenshot of your bank statement showing the Spotify charge? Just make sure it doesn't show your private payment info /RB https://t.co/ldFdZRiNAt
case_468369_468368,"i has been processed for subscription spotify student but i cancel before finished the transaction,and my debit has been paymented for that. Can i refund for my money?",standard_billing,normal,"Hey Wandi, help's here! Can you DM us your account's username or email address? We'll take a look backstage /LS https://t.co/ldFdZRiNAt"
case_689534_689533,have received an email welcoming me to spotify - but i haven't signed up to anything. please contact me to cancel,standard_billing,normal,Hey there! That doesn't sound good. Can you DM us the email including the name of the sender? We'll take a look backstage /PB https://t.co/ldFdZRiNAt
case_2861290_2861289,I tried to deactivate my @user account more than once and only today did it I hope cancel because I have lost $50 on an app I DONT EVEN USE!!!,standard_billing,normal,Hey there! The cavalry's here. Can you DM us your account's email address? We'll take a look under the hood /KB https://t.co/ldFdZRiNAt
case_64367_64366,why have you charged me £14.99 on the 18th of November as I upgraded my subscription and @user why have you then charged me £9.99 on the 26th of November for a standard premium spotify account. @user SORT OUT A REFUND ASAP!!!!,standard_billing,normal,Hey Imran. Can you send us a DM with your account's email address or username? We'll take a look behind the scenes /AY https://t.co/ldFdZRiNAt
case_1684208_1684207,I’m trying to cancel my premium acct. but says invalid user but I’m logged in app via FB. When i try to login to cancel via fb it says i don’t have an account. But y’all billing me!,standard_billing,normal,Hi Brian. Can you DM us your account's email address? We'll take a look backstage /LM
case_502679_502678,why am i being charged twice. One payment of 9.99 and one of 4.99 (as im a student),standard_billing,normal,"Hey Toby, help's here! Can you DM us your account's username and email address? We'll check it out 🔍 /TR https://t.co/ldFdZRiNAt"
case_2844617_2844616,"How do I cancel my subscription from a closed facebook that is now permanently deleted and I don't have access to the spotify? It is still withdrawing money from my credit card, my bank can't stop the payment.",standard_billing,normal,"Hey there! No worries, we can help. Could you DM us your account's username or email address? We'll take a look backstage /GU https://t.co/ldFdZRiNAt"
case_620402_620401,I just went to pay for premium using PayPal and the page bugged out. Don't wanna attempt again in case I get charged twice. Any help?,standard_billing,normal,"Hey Yazmin, we're here to help! Could you DM us your account's username and email address? We'll take a look backstage for you /BX https://t.co/ldFdZRiNAt"
case_453440_453439,why have you charged me £14.99 for something I don’t even have or signed up too? I would like my money back! https://t.co/OsZNKyZd8z,standard_billing,normal,Hey! Help's here. Can you DM us your account's email address? We'll take a look backstage /RA https://t.co/ldFdZRiNAt
case_17178_17176,Dammit! @user just RickRolled us! I may have to cancel my subscription for that…,standard_billing,normal,Hey Eric! Can you let us know what's happening exactly? We'll see what we can do /NS
case_688050_688049,u offered me 3 months premium for price of 1 month but charged me monthly price so I either want the offer or cancel my subscription,standard_billing,normal,"Hey, help's here! Can you DM us your account's username or email address? We'll take a look under the hood /JM https://t.co/ldFdZRiNAt"
case_554118_554117,"Hey, I'm currently buying premium per month, but want the yearly subscription offer you're doing. Do I need to cancel my subscription then resubscribe to do this?",standard_billing,normal,"1: Hey Nicola! If you're subscribed to Premium through our website, and using a recurring payment method such as a debit/credit card, you just need to cancel it at https://t.co/NVUb1YzkVr. Afterwards, just head to https://t.co/dMXQKcSwQz to sign up for the annual..."
case_571368_571367,Subscriber since 2012. I was just on chat system regarding reference 4295899920 relating to unauthorized access to my account. 2nd time in 1 week. Was disconnected from chat and now cannot finish the migration of all my content from old to new account.,standard_billing,normal,"Hey Eric! Don't worry, we'll get this sorted out. Can you DM us your account's email address? /FD https://t.co/ldFdZRiNAt"
case_523588_523589,"Yes. It was one of the involuntary ones that you have the option of cancelling, but I didn’t cancel it.",standard_billing,normal,That's strange. We'll get this passed on to our devs so they can look into it. Give us a shout if you need anything else /KB
case_1190768_1190767,Why have I been charged twice in the same month?? @user,standard_billing,normal,"Hi Martin! Don't worry, we'll sort this out. Could you send us a DM with your account's email address and username? We'll check behind the scenes /NJ https://t.co/ldFdZRiNAt"
case_2964672_2964671,...warning that gift cards make you ineligible for promos. Will applying this giftcard to my account cancel my 99cent deal? @user,standard_billing,normal,"Hi Matt! If you're able to sign up for the 3 months for $0.99 cents deal, you should be able to redeem your gift card right after. If you're having trouble doing that, DM us your account's email address and we'll take a closer look backstage 🙂 /RR https://t.co/ldFdZRiNAt"
case_2466891_2466890,"ok now I'm on premium but I got charged twice because I tried to subscribe again, not knowing I was supposed to wait for an email to complete the process. I need a refund",standard_billing,normal,Hi Montel! Help's here. Can you DM us your account's email address? We'll take a look backstage /DD https://t.co/ldFdZRiNAt
case_2735926_2735925,"I didn't realize that I was paying monthly for Spotify Premium as I thought I was a member of a family premium plan, but turns out I was paying for my own Premium for no reason for a year now and I just realized today. Is there anything I can do to get a refund?",standard_billing,normal,Hey there! We've just sent a DM your way. Let's carry on chatting there /AK
case_563479_563478,it is disappointing that you are not supporting Samsung tvs before 2015. I’m considering to cancel the subscription just because of it.,standard_billing,normal,"We hear you 🎧 Rest assured, your feedback will be passed on to the right folks /DF"
case_124849_124847,"Hi! I would like to cancel my premium account but just found out that I got charged today. If I cancel the premium service now, will I still be able to use it for a month since it’s already paid? Please advise thank you!",standard_billing,normal,"Hi Mitzki, help's here! If you cancel your subscription, your Premium features will remain for the rest of the Premium time. Hope this helps 🙂 /JQ"
case_102221_102220,I can’t cancel my subscription it won’t let me log in with using my username or email. Please help me.,standard_billing,normal,"Hey there, help's here! Could you DM us your account's email address and username? We'll take a look backstage /CG https://t.co/ldFdZRiNAt"
case_466072_466071,hi just upgraded to premium family accidentally clicked upgrade twice worried I will be charged twice,standard_billing,normal,Hey Nancy! Could you send us a DM with your account's email address? We'll take a look backstage /FR https://t.co/ldFdZRiNAt
case_2859022_2859023,"No, only Spotify app.",general_support,normal,"Thanks for the heads up. Our tech folks are investigating this as we speak, we'll keep everyone updated. Give us a shout if you have any other questions /ZO"
case_649937_649936,I️ was charged 9.99 for Spotify when I️ have the student account. How can I️ get this worked out?,general_support,normal,Sorry to hear that. Can you shoot us a DM with your account's username and email address? We'll check things out backstage /DI https://t.co/ldFdZRiNAt
case_492394_492393,Hi can I have help ASAP !!!,general_support,normal,Hi! We've just sent you a DM. Let's carry on there /JE
case_141193_141191,spotify keeps crashing for me om g,general_support,normal,Hey Lauren! What's happening exactly? We'd love to help /JN
case_564524_564522,Is there a way to get @user to work behind a corp proxy with blocks WebSockets? The http=1 URL param no longer works after the web player change.,general_support,normal,"Hey, help's here! Can you let us know more about what's happening? We'll be waiting for your reply /MG"
case_2912536_2912535,Spotify is having a mare tonight 😤,general_support,normal,"Hi there, thanks for bearing with us. Spotify should be working perfectly again! /GN"
case_2920658_2920660,yea we back up this bih i almost pulled up to yall with a draco,general_support,normal,Awesome! Just give us a shout if the problem persists. We're... https://t.co/zOXI69QSqg /GS
case_700452_700451,"Hey spotify. I have a problem, I want my money back",general_support,normal,We've just sent a DM your way. Let's carry on chatting there 🙂 /CG
case_466114_466112,"when im listening to music it states that i can click the thing to get 30 minutes of ad free listening but when i go to click the part that has been there in the past, its not there so i cant do anything. it has done this about three times since i started listening today",general_support,normal,That doesn't sound good! Did the app crash at any point during the 30 minutes? That can cause the ad-free time to reset /DD
case_126890_126889,HAS SUCH GOOD CUSTOMER SERVICE WOW THAT WAS SO PERSONAL I REALLY APPRECIATED THAT #thankful,general_support,normal,"Hey there, thanks for the feedback! It's music to our ears 🎶 /AK"
case_567992_567990,"Hey @user, I got this message. Uninstalled, re-downloaded and re-installed and it happened it again. https://t.co/RBRdDUf2qf",general_support,normal,Hey there! The cavalry's here. Does restarting your PC make any difference? Can you let us know the Windows and Spotify version you're using? We'll see what we can suggest /KB
case_2809051_2809049,"Hi, I have trouble resetting my password. This message always occurs after I click send. Thanks! https://t.co/WsgB1bn37y",general_support,normal,"Hey, help's here! Could you send us a DM with your account's email address? We'll take a look backstage /CH https://t.co/ldFdZRiNAt"
case_44336_659582,For only 9php or 129php?,general_support,normal,Hey there! Could you send us a DM with your account's email address? We'll take a look backstage /FR https://t.co/ldFdZRiNAt
case_113844_113843,"Black Friday for ""Family"", why not? Brazil needs this! :D",general_support,normal,"Hey there, we hear you loud and clear! We can’t make any promises but we’ll pass your feedback onto the right folks /MX"
case_2826945_2826943,Get ramz barking on @user,general_support,normal,"Hey! Fingers crossed we'll be able to have it soon, but there's info about Spotify content here: https://t.co/0i8GpimuDa. Let us know if you need anything else /NY"
case_639928_639926,you should let users put their playlists into different folders... that’d be innovative,general_support,normal,"Hey there, help's here! You can create a folder by following the steps in the image below. Let us know how this goes /CG https://t.co/KwrBhp1Jh6"
case_515447_515446,Those need to be distinct. How can I just turn off the Spotify algorithm? Spotify doesn’t have the songs so I have to use local files,general_support,normal,"We're afraid that's currently not possible, but we can see how that’d be useful! We’d recommend suggesting it in our Community where you can get support from other fans: https://t.co/D6JsbrPT3P /PL"
case_116577_116576,Still waiting for the day when @user announce they've launched in Namibia...😣,general_support,normal,We're launching regularly in countries around the world. Sign up here to be first to hear: https://t.co/XDwWzj7cLP /DF
case_479856_479855,"Hey @user family account , added member - gets mail, activated. Shows as added in dashboard but when they sign in it's still a free account. Reinstalled and tried mob/Mac. No luck. Can you help?",general_support,normal,Hey Alisdair! Can you DM us the account's email address or username? We'll take a look backstage /KM https://t.co/ldFdZRiNAt
case_633994_633993,I was overcharged again,general_support,normal,Hi Zachary! We're here to help. Can you DM us your account's username or email address? We'll take a look backstage /MC https://t.co/ldFdZRiNAt
